0,0,5.5,2.5,1.5,1.0,5.5,2.5,1.5,1.0,53.56,0.0,0.0
0,1,5.0,4.5,2.0,0.5,2.0,4.5,5.0,0.5,55.41,4.0,4.5
0,2,6.0,3.0,2.5,1.0,6.0,2.5,3.0,1.0,60.99,2.0,0.125
0,3,5.5,3.5,3.0,1.0,3.5,3.0,5.5,1.0,82.7,4.0,2.625
0,4,5.0,4.0,2.0,1.5,4.0,5.0,2.0,1.5,62.04,2.0,0.5
0,5,5.0,4.5,4.0,3.5,5.0,4.5,4.0,3.5,69.05,0.0,0.0
0,6,5.0,3.0,1.5,0.5,5.0,3.0,1.5,0.5,66.9,0.0,0.0
0,7,6.0,5.0,4.0,1.5,6.0,5.0,4.0,1.5,86.23,0.0,0.0
0,8,4.5,4.0,3.5,1.5,4.5,3.5,4.0,1.5,59.42,2.0,0.125
0,9,4.5,4.0,3.0,2.0,4.0,4.5,2.0,3.0,70.98,4.0,0.625
0,10,5.0,3.5,3.0,1.5,3.5,5.0,1.5,3.0,70.45,4.0,2.25
0,11,4.5,4.0,2.0,1.5,4.5,4.0,2.0,1.5,33.44,0.0,0.0
0,12,5.5,4.5,4.0,0.5,4.5,4.0,5.5,0.5,45.16,4.0,0.875
0,13,4.0,1.5,1.0,0.5,4.0,1.5,1.0,0.5,37.39,0.0,0.0
0,14,4.5,4.0,1.0,0.5,4.0,4.5,1.0,0.5,48.76,2.0,0.125
1,0,5.5,4.5,3.5,2.5,5.5,4.5,3.5,2.5,57.02,0.0,0.0
1,1,5.0,4.5,2.5,1.0,4.5,2.5,5.0,1.0,49.21,4.0,2.625
1,2,5.0,4.5,4.0,2.0,5.0,4.5,4.0,2.0,57.37,0.0,0.0
1,3,6.0,5.0,3.5,2.0,5.0,3.5,6.0,2.0,101.71,4.0,2.375
1,4,4.5,3.5,3.0,1.5,3.5,4.5,3.0,1.5,75.25,2.0,0.5
1,5,5.5,5.0,4.5,4.0,5.0,5.5,4.5,4.0,101.16,2.0,0.125
1,6,3.5,2.5,1.0,0.5,2.5,3.5,0.5,1.0,66.92,4.0,0.625
1,7,4.5,3.0,2.5,1.5,2.5,4.5,3.0,1.5,61.8,4.0,1.625
1,8,4.0,3.5,3.0,1.0,4.0,3.5,3.0,1.0,80.53,0.0,0.0
1,9,4.5,4.0,2.5,1.0,4.0,4.5,2.5,1.0,56.14,2.0,0.125
1,10,3.5,3.0,2.0,1.5,3.5,3.0,2.0,1.5,94.15,0.0,0.0
1,11,6.0,4.5,2.0,0.5,6.0,4.5,2.0,0.5,93.46,0.0,0.0
1,12,6.0,5.0,3.5,1.0,3.5,6.0,5.0,1.0,67.57,4.0,2.375
1,13,6.0,5.0,4.5,1.5,6.0,4.5,5.0,1.5,80.63,2.0,0.125
1,14,5.5,5.0,4.5,3.5,4.5,3.5,5.5,5.0,60.72,8.0,1.625
10,0,6.0,4.0,2.0,1.5,6.0,4.0,2.0,1.5,45.66,0.0,0.0
10,1,6.0,5.5,3.0,2.5,6.0,5.5,2.5,3.0,52.26,2.0,0.125
10,2,4.5,4.0,3.5,2.0,4.5,3.5,4.0,2.0,50.73,2.0,0.125
10,3,3.0,2.5,1.0,0.5,3.0,2.5,1.0,0.5,31.89,0.0,0.0
10,4,4.5,4.0,3.0,0.5,4.5,4.0,3.0,0.5,36.88,0.0,0.0
10,5,4.0,3.5,2.5,1.5,3.5,4.0,1.5,2.5,25.75,4.0,0.625
10,6,6.0,5.5,2.5,0.5,5.5,6.0,2.5,0.5,38.72,2.0,0.125
10,7,6.0,5.0,2.5,0.5,6.0,5.0,2.5,0.5,45.5,0.0,0.0
10,8,6.0,4.0,2.5,1.5,6.0,4.0,2.5,1.5,49.35,0.0,0.0
10,9,6.0,4.0,3.5,1.5,6.0,4.0,3.5,1.5,72.52,0.0,0.0
10,10,6.0,4.0,3.5,2.0,6.0,4.0,3.5,2.0,55.18,0.0,0.0
10,11,5.5,4.5,4.0,2.0,5.5,4.5,4.0,2.0,36.65,0.0,0.0
10,12,6.0,4.5,2.0,1.5,6.0,4.5,2.0,1.5,36.73,0.0,0.0
10,13,4.0,3.0,1.5,0.5,4.0,3.0,1.5,0.5,29.65,0.0,0.0
10,14,3.5,2.5,1.5,1.0,3.5,2.5,1.5,1.0,28.7,0.0,0.0
11,0,5.0,4.5,1.5,0.5,5.0,4.5,1.5,0.5,40.36,0.0,0.0
11,1,6.0,4.0,3.5,3.0,6.0,3.5,4.0,3.0,49.39,2.0,0.125
11,2,3.5,2.5,2.0,0.5,3.5,2.0,2.5,0.5,24.26,2.0,0.125
11,3,5.0,3.5,3.0,2.0,5.0,3.5,3.0,2.0,34.63,0.0,0.0
11,4,3.5,3.0,2.5,0.5,2.5,3.0,3.5,0.5,24.57,4.0,0.5
11,5,4.0,3.5,2.5,1.0,4.0,3.5,2.5,1.0,53.89,0.0,0.0
11,6,5.0,2.5,2.0,0.5,5.0,2.5,2.0,0.5,26.56,0.0,0.0
11,7,5.5,5.0,3.5,3.0,5.5,5.0,3.0,3.5,37.89,2.0,0.125
11,8,6.0,5.0,3.5,2.5,6.0,3.5,5.0,2.5,33.49,2.0,1.125
11,9,6.0,5.0,4.5,3.5,3.5,5.0,4.5,6.0,31.91,6.0,3.125
11,10,3.5,3.0,1.5,1.0,3.5,3.0,1.0,1.5,33.41,2.0,0.125
11,11,3.5,2.5,1.5,0.5,3.5,2.5,1.5,0.5,31.15,0.0,0.0
11,12,6.0,4.5,3.5,1.0,6.0,4.5,3.5,1.0,28.45,0.0,0.0
11,13,5.0,3.5,2.5,1.5,5.0,3.5,2.5,1.5,34.73,0.0,0.0
11,14,6.0,4.0,3.5,0.5,3.5,6.0,4.0,0.5,17.68,4.0,2.625
12,0,5.0,3.0,2.5,2.0,3.0,5.0,2.5,2.0,30.65,2.0,2.0
12,1,4.0,2.5,2.0,1.5,4.0,2.0,2.5,1.5,39.28,2.0,0.125
12,2,6.0,5.0,1.5,1.0,6.0,5.0,1.5,1.0,27.71,0.0,0.0
12,3,6.0,5.5,3.5,2.0,5.5,3.5,6.0,2.0,33.9,4.0,2.625
12,4,4.5,2.5,2.0,1.0,4.5,2.5,2.0,1.0,29.72,0.0,0.0
12,5,4.5,2.5,2.0,1.5,4.5,2.0,2.5,1.5,46.42,2.0,0.125
12,6,6.0,5.5,3.5,0.5,6.0,5.5,3.5,0.5,33.88,0.0,0.0
12,7,5.5,5.0,4.5,2.5,4.5,5.0,5.5,2.5,32.26,4.0,0.5
12,8,5.0,3.5,3.0,2.5,3.5,5.0,3.0,2.5,63.97,2.0,1.125
12,9,6.0,3.5,3.0,1.0,3.0,3.5,6.0,1.0,41.34,4.0,4.5
12,10,5.0,4.0,3.0,0.5,4.0,5.0,3.0,0.5,29.0,2.0,0.5
12,11,6.0,3.5,1.5,0.5,6.0,3.5,1.5,0.5,29.92,0.0,0.0
12,12,5.5,4.5,4.0,2.5,5.5,4.5,4.0,2.5,41.54,0.0,0.0
12,13,6.0,5.5,3.5,1.0,5.5,6.0,3.5,1.0,40.81,2.0,0.125
12,14,6.0,4.0,2.5,1.0,6.0,4.0,2.5,1.0,49.4,0.0,0.0
13,0,6.0,5.5,5.0,2.5,6.0,5.0,5.5,2.5,66.64,2.0,0.125
13,1,6.0,5.0,4.0,0.5,6.0,4.0,5.0,0.5,47.57,2.0,0.5
13,2,3.5,3.0,2.0,1.0,3.5,3.0,2.0,1.0,45.13,0.0,0.0
13,3,5.5,3.5,1.5,1.0,3.5,5.5,1.5,1.0,55.02,2.0,2.0
13,4,5.5,4.5,2.5,0.5,5.5,4.5,2.5,0.5,31.52,0.0,0.0
13,5,4.5,3.5,2.5,2.0,4.5,3.5,2.5,2.0,61.65,0.0,0.0
13,6,6.0,4.0,2.5,0.5,6.0,4.0,2.5,0.5,72.42,0.0,0.0
13,7,3.0,2.0,1.5,1.0,3.0,2.0,1.5,1.0,50.24,0.0,0.0
13,8,4.5,2.5,1.0,0.5,4.5,2.5,0.5,1.0,48.79,2.0,0.125
13,9,6.0,4.0,2.5,2.0,6.0,4.0,2.5,2.0,48.28,0.0,0.0
13,10,6.0,5.0,2.5,2.0,6.0,5.0,2.5,2.0,45.9,0.0,0.0
13,11,5.5,4.0,1.5,0.5,5.5,4.0,1.5,0.5,30.3,0.0,0.0
13,12,3.5,3.0,2.5,1.0,3.5,2.5,3.0,1.0,41.09,2.0,0.125
13,13,6.0,4.5,4.0,1.5,6.0,4.5,4.0,1.5,55.0,0.0,0.0
13,14,5.0,3.5,3.0,1.0,3.5,5.0,3.0,1.0,42.7,2.0,1.125
14,0,6.0,3.0,1.0,0.5,6.0,3.0,1.0,0.5,20.78,0.0,0.0
14,1,5.0,4.5,2.0,1.0,4.5,5.0,2.0,1.0,27.8,2.0,0.125
14,2,5.5,4.0,1.5,1.0,5.5,4.0,1.5,1.0,35.43,0.0,0.0
14,3,5.0,4.5,4.0,1.0,4.5,5.0,4.0,1.0,36.08,2.0,0.125
14,4,5.5,5.0,3.5,1.0,5.0,5.5,3.5,1.0,43.43,2.0,0.125
14,5,6.0,4.0,3.0,0.5,6.0,4.0,3.0,0.5,39.32,0.0,0.0
14,6,5.5,4.0,3.0,2.5,5.5,4.0,3.0,2.5,41.48,0.0,0.0
14,7,5.5,5.0,1.0,0.5,5.5,5.0,1.0,0.5,37.13,0.0,0.0
14,8,5.5,3.0,2.0,1.0,5.5,3.0,2.0,1.0,54.14,0.0,0.0
14,9,4.0,2.0,1.0,0.5,4.0,2.0,1.0,0.5,32.21,0.0,0.0
14,10,5.5,3.0,1.0,0.5,5.5,3.0,1.0,0.5,36.31,0.0,0.0
14,11,6.0,3.5,1.5,1.0,6.0,3.5,1.5,1.0,18.24,0.0,0.0
14,12,6.0,4.5,4.0,0.5,6.0,4.5,4.0,0.5,51.46,0.0,0.0
14,13,4.0,3.0,1.0,0.5,4.0,3.0,1.0,0.5,32.07,0.0,0.0
14,14,5.5,4.0,3.5,1.0,5.5,3.5,4.0,1.0,20.7,2.0,0.125
15,0,6.0,4.5,3.5,3.0,6.0,4.5,3.0,3.5,72.1,2.0,0.125
15,1,6.0,5.0,3.0,2.5,6.0,3.0,5.0,2.5,86.5,2.0,2.0
15,2,6.0,4.5,4.0,2.5,4.0,4.5,6.0,2.5,59.68,4.0,2.0
15,3,3.5,3.0,2.5,2.0,3.5,3.0,2.0,2.5,42.79,2.0,0.125
15,4,6.0,5.5,5.0,1.0,5.0,5.5,6.0,1.0,63.6,4.0,0.5
15,5,4.5,4.0,2.5,1.5,4.0,2.5,4.5,1.5,62.36,4.0,1.625
15,6,6.0,3.5,1.0,0.5,6.0,3.5,1.0,0.5,29.82,0.0,0.0
15,7,4.0,3.5,1.5,0.5,3.5,4.0,1.5,0.5,15.37,2.0,0.125
15,8,6.0,5.5,4.0,1.5,6.0,5.5,4.0,1.5,24.19,0.0,0.0
15,9,5.5,4.0,3.5,2.5,5.5,4.0,3.5,2.5,41.76,0.0,0.0
15,10,5.0,4.0,2.0,1.0,5.0,4.0,2.0,1.0,49.33,0.0,0.0
15,11,5.5,4.5,3.0,1.0,5.5,4.5,3.0,1.0,28.17,0.0,0.0
15,12,6.0,5.5,3.0,1.0,6.0,5.5,3.0,1.0,32.59,0.0,0.0
15,13,6.0,5.5,5.0,1.5,5.5,6.0,5.0,1.5,41.51,2.0,0.125
15,14,6.0,4.0,3.0,1.5,6.0,4.0,3.0,1.5,26.88,0.0,0.0
16,0,6.0,5.0,4.5,4.0,6.0,5.0,4.0,4.5,54.54,2.0,0.125
16,1,5.5,3.0,2.5,0.5,5.5,3.0,2.5,0.5,44.56,0.0,0.0
16,2,4.5,4.0,3.5,0.5,4.5,4.0,3.5,0.5,41.93,0.0,0.0
16,3,5.5,5.0,1.5,0.5,5.0,5.5,1.5,0.5,12.97,2.0,0.125
16,4,5.0,4.5,3.0,2.0,5.0,4.5,3.0,2.0,46.21,0.0,0.0
16,5,6.0,2.5,1.0,0.5,6.0,2.5,1.0,0.5,31.38,0.0,0.0
16,6,6.0,4.5,3.0,1.0,6.0,4.5,3.0,1.0,33.27,0.0,0.0
16,7,6.0,3.0,1.5,1.0,6.0,3.0,1.0,1.5,37.47,2.0,0.125
16,8,4.5,3.5,3.0,1.0,4.5,3.0,3.5,1.0,53.89,2.0,0.125
16,9,6.0,3.0,2.5,2.0,6.0,3.0,2.5,2.0,51.78,0.0,0.0
16,10,5.5,4.5,3.5,2.0,5.5,4.5,3.5,2.0,33.17,0.0,0.0
16,11,4.0,3.0,2.5,1.5,4.0,2.5,3.0,1.5,55.08,2.0,0.125
16,12,5.5,2.5,1.5,0.5,5.5,2.5,1.5,0.5,38.24,0.0,0.0
16,13,5.5,4.5,4.0,1.5,4.0,4.5,5.5,1.5,46.64,4.0,1.125
16,14,4.5,3.5,1.5,1.0,3.5,4.5,1.5,1.0,30.79,2.0,0.5
17,0,5.5,3.0,2.5,1.5,5.5,3.0,2.5,1.5,60.45,0.0,0.0
17,1,5.5,4.5,2.0,1.0,5.5,4.5,2.0,1.0,44.56,0.0,0.0
17,2,3.5,2.0,1.0,0.5,3.5,2.0,1.0,0.5,47.05,0.0,0.0
17,3,5.0,3.5,2.5,1.0,5.0,3.5,2.5,1.0,41.43,0.0,0.0
17,4,5.5,3.5,3.0,1.5,5.5,3.5,3.0,1.5,49.91,0.0,0.0
17,5,6.0,4.5,3.0,1.5,4.5,6.0,3.0,1.5,45.35,2.0,1.125
17,6,6.0,4.5,2.0,1.0,4.5,6.0,2.0,1.0,65.25,2.0,1.125
17,7,5.5,4.5,1.5,1.0,4.5,5.5,1.5,1.0,35.74,2.0,0.5
17,8,5.5,5.0,2.0,1.0,5.0,5.5,2.0,1.0,20.74,2.0,0.125
17,9,5.5,2.0,1.5,0.5,5.5,1.5,2.0,0.5,40.01,2.0,0.125
17,10,4.0,3.5,3.0,1.5,3.0,4.0,3.5,1.5,44.0,4.0,0.375
17,11,5.5,5.0,3.5,0.5,5.0,5.5,3.5,0.5,35.62,2.0,0.125
17,12,6.0,5.5,4.5,1.0,6.0,4.5,5.5,1.0,49.85,2.0,0.5
17,13,4.0,3.0,2.5,0.5,4.0,2.5,3.0,0.5,60.75,2.0,0.125
17,14,4.5,3.0,1.5,1.0,4.5,3.0,1.5,1.0,63.16,0.0,0.0
18,0,4.0,2.0,1.5,1.0,4.0,2.0,1.5,1.0,52.43,0.0,0.0
18,1,5.5,5.0,2.5,0.5,5.5,5.0,2.5,0.5,34.35,0.0,0.0
18,2,5.5,3.0,2.0,0.5,5.5,3.0,2.0,0.5,16.07,0.0,0.0
18,3,5.5,4.5,2.0,0.5,5.5,4.5,2.0,0.5,26.9,0.0,0.0
18,4,6.0,2.5,2.0,1.0,6.0,2.0,2.5,1.0,35.17,2.0,0.125
18,5,4.5,3.5,1.0,0.5,3.5,4.5,1.0,0.5,30.06,2.0,0.5
18,6,6.0,4.5,2.5,1.5,4.5,6.0,2.5,1.5,34.06,2.0,1.125
18,7,6.0,3.5,2.5,0.5,6.0,3.5,2.5,0.5,43.13,0.0,0.0
18,8,4.0,3.5,1.0,0.5,4.0,3.5,1.0,0.5,21.26,0.0,0.0
18,9,5.5,3.0,2.5,2.0,5.5,3.0,2.5,2.0,34.47,0.0,0.0
18,10,5.0,4.5,3.5,2.5,5.0,4.5,3.5,2.5,27.96,0.0,0.0
18,11,5.0,4.5,3.5,3.0,3.5,5.0,4.5,3.0,51.18,4.0,0.875
18,12,5.5,3.0,2.0,1.5,5.5,3.0,2.0,1.5,85.12,0.0,0.0
18,13,5.5,1.5,1.0,0.5,5.5,1.5,1.0,0.5,51.28,0.0,0.0
18,14,5.5,5.0,2.0,1.5,5.5,5.0,2.0,1.5,20.57,0.0,0.0
19,0,4.5,3.5,3.0,2.5,3.5,4.5,3.0,2.5,50.22,2.0,0.5
19,1,4.0,3.0,2.5,1.0,4.0,3.0,2.5,1.0,36.78,0.0,0.0
19,2,5.0,4.0,2.5,0.5,5.0,4.0,2.5,0.5,25.04,0.0,0.0
19,3,6.0,5.0,2.5,1.5,6.0,5.0,2.5,1.5,44.86,0.0,0.0
19,4,6.0,5.5,5.0,0.5,6.0,5.0,5.5,0.5,53.34,2.0,0.125
19,5,6.0,5.5,5.0,4.0,6.0,5.5,5.0,4.0,34.51,0.0,0.0
19,6,6.0,5.0,3.5,1.5,5.0,3.5,6.0,1.5,39.58,4.0,2.375
19,7,4.5,4.0,2.5,2.0,4.5,4.0,2.5,2.0,38.29,0.0,0.0
19,8,6.0,4.0,3.5,1.0,6.0,4.0,3.5,1.0,46.18,0.0,0.0
19,9,4.0,3.0,1.5,1.0,3.0,4.0,1.0,1.5,30.9,4.0,0.625
19,10,5.5,5.0,4.0,0.5,5.0,5.5,4.0,0.5,28.49,2.0,0.125
19,11,4.5,3.0,2.5,1.0,2.5,3.0,4.5,1.0,33.59,4.0,2.0
19,12,5.5,4.5,3.5,3.0,4.5,5.5,3.0,3.5,30.61,4.0,0.625
19,13,4.0,3.5,1.5,1.0,3.5,4.0,1.5,1.0,34.46,2.0,0.125
19,14,5.5,4.0,2.5,2.0,5.5,2.5,4.0,2.0,19.51,2.0,1.125
2,0,5.0,4.5,2.0,1.5,5.0,4.5,2.0,1.5,83.73,0.0,0.0
2,1,6.0,4.0,1.5,0.5,6.0,4.0,1.5,0.5,47.64,0.0,0.0
2,2,4.5,4.0,3.5,2.5,4.0,4.5,3.5,2.5,79.58,2.0,0.125
2,3,4.5,2.0,1.5,0.5,4.5,1.5,2.0,0.5,42.21,2.0,0.125
2,4,6.0,3.5,3.0,1.5,3.0,6.0,3.5,1.5,43.91,4.0,3.875
2,5,6.0,5.5,4.0,3.0,6.0,4.0,3.0,5.5,111.67,4.0,2.375
2,6,4.0,3.5,2.0,0.5,3.5,4.0,2.0,0.5,79.15,2.0,0.125
2,7,4.0,2.0,1.5,0.5,4.0,2.0,1.5,0.5,41.59,0.0,0.0
2,8,5.5,2.0,1.5,1.0,5.5,2.0,1.5,1.0,50.98,0.0,0.0
2,9,6.0,4.5,1.0,0.5,6.0,4.5,1.0,0.5,48.28,0.0,0.0
2,10,6.0,2.0,1.5,0.5,6.0,2.0,1.5,0.5,23.42,0.0,0.0
2,11,6.0,2.5,2.0,0.5,6.0,2.5,2.0,0.5,49.77,0.0,0.0
2,12,5.5,3.5,1.5,0.5,5.5,3.5,1.5,0.5,48.74,0.0,0.0
2,13,4.5,2.0,1.0,0.5,4.5,2.0,0.5,1.0,41.36,2.0,0.125
2,14,5.5,5.0,4.5,1.0,5.5,5.0,4.5,1.0,70.09,0.0,0.0
20,0,5.0,3.0,1.0,0.5,5.0,3.0,1.0,0.5,32.88,0.0,0.0
20,1,6.0,3.5,2.0,1.5,6.0,3.5,2.0,1.5,55.66,0.0,0.0
20,2,6.0,5.5,4.5,2.5,5.5,4.5,6.0,2.5,67.86,4.0,0.875
20,3,4.5,4.0,2.0,1.0,4.0,4.5,2.0,1.0,37.23,2.0,0.125
20,4,6.0,3.5,2.5,1.0,6.0,3.5,2.5,1.0,47.01,0.0,0.0
20,5,5.0,4.5,4.0,0.5,5.0,4.5,4.0,0.5,48.92,0.0,0.0
20,6,6.0,4.5,4.0,2.0,6.0,4.5,4.0,2.0,57.4,0.0,0.0
20,7,5.5,5.0,4.0,3.5,5.5,5.0,4.0,3.5,47.72,0.0,0.0
20,8,4.5,4.0,3.0,2.5,4.0,4.5,3.0,2.5,30.89,2.0,0.125
20,9,5.0,4.0,3.5,2.0,5.0,3.5,4.0,2.0,25.51,2.0,0.125
20,10,4.5,3.0,2.5,0.5,4.5,2.5,3.0,0.5,34.62,2.0,0.125
20,11,5.5,2.5,1.0,0.5,5.5,2.5,1.0,0.5,21.59,0.0,0.0
20,12,2.5,2.0,1.5,0.5,2.5,1.5,2.0,0.5,28.55,2.0,0.125
20,13,5.0,4.5,4.0,1.5,5.0,4.5,4.0,1.5,45.89,0.0,0.0
20,14,3.0,2.5,1.5,0.5,3.0,2.5,1.5,0.5,17.46,0.0,0.0
21,0,5.5,3.5,1.0,0.5,5.5,3.5,1.0,0.5,23.17,0.0,0.0
21,1,6.0,4.0,2.0,1.0,6.0,4.0,2.0,1.0,34.03,0.0,0.0
21,2,4.0,3.0,2.0,0.5,4.0,3.0,2.0,0.5,29.59,0.0,0.0
21,3,5.5,4.5,3.0,2.5,5.5,3.0,4.5,2.5,31.07,2.0,1.125
21,4,5.0,4.0,3.0,1.0,5.0,4.0,3.0,1.0,54.51,0.0,0.0
21,5,5.5,4.5,3.0,2.0,5.5,4.5,3.0,2.0,28.07,0.0,0.0
21,6,4.0,3.5,3.0,2.0,4.0,3.5,2.0,3.0,55.9,2.0,0.5
21,7,4.5,3.5,2.0,1.5,4.5,3.5,2.0,1.5,34.43,0.0,0.0
21,8,3.5,2.5,2.0,1.0,2.5,3.5,2.0,1.0,25.16,2.0,0.5
21,9,5.5,3.5,2.5,2.0,5.5,3.5,2.5,2.0,32.68,0.0,0.0
21,10,6.0,5.0,4.5,3.0,6.0,4.5,5.0,3.0,51.22,2.0,0.125
21,11,5.5,4.5,2.5,1.5,5.5,4.5,2.5,1.5,20.83,0.0,0.0
21,12,6.0,5.5,4.5,4.0,5.5,6.0,4.5,4.0,33.21,2.0,0.125
21,13,5.0,3.0,2.5,0.5,5.0,2.5,3.0,0.5,19.9,2.0,0.125
21,14,5.5,4.0,3.5,1.5,5.5,3.5,4.0,1.5,20.54,2.0,0.125
22,0,5.5,4.5,1.5,0.5,4.5,5.5,1.5,0.5,20.66,2.0,0.5
22,1,5.0,1.5,1.0,0.5,5.0,1.5,1.0,0.5,31.19,0.0,0.0
22,2,5.5,5.0,2.0,0.5,5.0,5.5,2.0,0.5,31.89,2.0,0.125
22,3,5.5,4.5,3.0,0.5,4.5,5.5,3.0,0.5,23.54,2.0,0.5
22,4,5.5,4.5,4.0,3.5,5.5,4.0,3.5,4.5,59.3,4.0,0.375
22,5,6.0,4.0,3.0,1.0,6.0,4.0,3.0,1.0,30.24,0.0,0.0
22,6,6.0,4.0,1.0,0.5,6.0,4.0,1.0,0.5,21.13,0.0,0.0
22,7,6.0,4.5,1.5,0.5,6.0,4.5,1.5,0.5,25.33,0.0,0.0
22,8,5.5,3.5,2.5,1.5,3.5,5.5,2.5,1.5,19.27,2.0,2.0
22,9,5.5,5.0,4.5,3.0,5.0,4.5,5.5,3.0,47.76,4.0,0.375
22,10,5.0,4.0,3.5,2.5,5.0,4.0,3.5,2.5,37.31,0.0,0.0
22,11,5.0,2.5,1.0,0.5,5.0,2.5,1.0,0.5,22.14,0.0,0.0
22,12,5.0,2.0,1.5,0.5,5.0,2.0,1.5,0.5,46.56,0.0,0.0
22,13,4.5,4.0,1.5,1.0,4.0,4.5,1.5,1.0,25.71,2.0,0.125
22,14,4.0,3.5,3.0,0.5,3.0,4.0,3.5,0.5,38.2,4.0,0.375
23,0,6.0,5.0,4.0,2.5,6.0,5.0,4.0,2.5,42.09,0.0,0.0
23,1,6.0,5.0,3.0,1.5,6.0,5.0,3.0,1.5,29.89,0.0,0.0
23,2,5.5,3.5,2.0,0.5,5.5,3.5,2.0,0.5,36.61,0.0,0.0
23,3,6.0,4.5,3.5,2.0,3.5,6.0,4.5,2.0,43.66,4.0,2.375
23,4,5.0,2.0,1.0,0.5,5.0,2.0,1.0,0.5,40.09,0.0,0.0
23,5,6.0,5.5,2.5,1.0,6.0,5.5,2.5,1.0,29.03,0.0,0.0
23,6,5.5,4.0,3.5,3.0,5.5,3.5,4.0,3.0,64.35,2.0,0.125
23,7,6.0,5.0,4.0,1.0,6.0,5.0,4.0,1.0,97.05,0.0,0.0
23,8,6.0,5.0,2.0,1.0,6.0,5.0,2.0,1.0,39.87,0.0,0.0
23,9,4.5,3.5,2.5,0.5,3.5,4.5,2.5,0.5,41.21,2.0,0.5
23,10,6.0,5.0,4.5,2.5,4.5,6.0,5.0,2.5,59.33,4.0,0.875
23,11,5.5,5.0,4.5,1.5,4.5,5.0,5.5,1.5,62.26,4.0,0.5
23,12,5.0,4.5,1.0,0.5,5.0,4.5,1.0,0.5,29.06,0.0,0.0
23,13,5.5,3.0,2.5,1.0,5.5,2.5,3.0,1.0,23.46,2.0,0.125
23,14,4.5,3.0,2.0,1.5,4.5,3.0,2.0,1.5,27.07,0.0,0.0
24,0,6.0,5.0,1.5,0.5,6.0,5.0,1.5,0.5,22.66,0.0,0.0
24,1,6.0,5.5,3.0,1.5,6.0,5.5,3.0,1.5,46.7,0.0,0.0
24,2,5.0,4.0,2.5,1.5,5.0,4.0,2.5,1.5,30.19,0.0,0.0
24,3,6.0,5.5,4.0,1.0,6.0,5.5,4.0,1.0,41.02,0.0,0.0
24,4,5.5,5.0,3.0,2.5,5.5,5.0,3.0,2.5,31.26,0.0,0.0
24,5,6.0,3.0,2.0,1.0,6.0,3.0,2.0,1.0,42.69,0.0,0.0
24,6,6.0,3.0,2.5,1.5,6.0,3.0,2.5,1.5,43.39,0.0,0.0
24,7,5.0,4.0,1.0,0.5,4.0,5.0,1.0,0.5,29.21,2.0,0.5
24,8,6.0,4.5,3.5,0.5,6.0,4.5,3.5,0.5,43.66,0.0,0.0
24,9,4.5,4.0,2.5,0.5,4.0,4.5,2.5,0.5,48.5,2.0,0.125
24,10,6.0,5.5,3.0,2.0,6.0,5.5,3.0,2.0,42.74,0.0,0.0
24,11,6.0,5.5,3.5,2.5,6.0,5.5,3.5,2.5,48.52,0.0,0.0
24,12,5.0,3.5,2.5,2.0,5.0,3.5,2.5,2.0,63.1,0.0,0.0
24,13,3.0,1.5,1.0,0.5,3.0,1.5,1.0,0.5,40.11,0.0,0.0
24,14,5.5,4.0,3.5,0.5,5.5,4.0,3.5,0.5,43.99,0.0,0.0
25,0,4.0,3.0,2.5,2.0,4.0,3.0,2.5,2.0,49.89,0.0,0.0
25,1,4.5,3.5,3.0,0.5,4.5,3.5,3.0,0.5,28.49,0.0,0.0
25,2,6.0,3.5,2.0,1.0,6.0,3.5,2.0,1.0,31.77,0.0,0.0
25,3,4.0,3.5,2.5,2.0,3.5,4.0,2.5,2.0,40.61,2.0,0.125
25,4,6.0,5.5,3.5,1.5,6.0,5.5,3.5,1.5,42.77,0.0,0.0
25,5,6.0,5.0,4.5,0.5,4.5,6.0,5.0,0.5,35.61,4.0,0.875
25,6,5.0,2.5,2.0,1.0,5.0,2.5,2.0,1.0,42.05,0.0,0.0
25,7,6.0,4.5,4.0,3.0,6.0,4.5,3.0,4.0,25.08,2.0,0.5
25,8,6.0,5.0,3.0,1.0,3.0,5.0,6.0,1.0,28.88,4.0,4.5
25,9,5.0,4.5,3.5,1.5,5.0,4.5,3.5,1.5,21.97,0.0,0.0
25,10,5.0,4.5,3.5,2.0,5.0,3.5,4.5,2.0,43.85,2.0,0.5
25,11,6.0,4.5,2.5,0.5,4.5,6.0,2.5,0.5,24.06,2.0,1.125
25,12,6.0,5.0,3.0,0.5,6.0,5.0,3.0,0.5,19.03,0.0,0.0
25,13,6.0,5.5,4.0,3.5,4.0,6.0,3.5,5.5,29.7,6.0,2.125
25,14,5.0,2.5,2.0,1.5,5.0,2.5,2.0,1.5,22.97,0.0,0.0
26,0,5.0,4.5,2.5,1.5,4.5,5.0,2.5,1.5,28.5,2.0,0.125
26,1,5.5,4.5,4.0,1.0,5.5,4.0,4.5,1.0,42.82,2.0,0.125
26,2,5.0,4.5,4.0,3.0,4.5,5.0,3.0,4.0,39.27,4.0,0.625
26,3,6.0,4.0,3.5,2.5,6.0,2.5,3.5,4.0,32.15,4.0,1.125
26,4,5.0,3.5,2.0,1.5,5.0,3.5,2.0,1.5,23.26,0.0,0.0
26,5,4.5,2.5,2.0,0.5,4.5,2.5,2.0,0.5,24.83,0.0,0.0
26,6,4.0,3.5,3.0,2.5,3.5,4.0,3.0,2.5,41.84,2.0,0.125
26,7,6.0,5.0,4.0,2.0,5.0,6.0,4.0,2.0,36.21,2.0,0.5
26,8,4.5,4.0,3.0,1.0,4.5,3.0,4.0,1.0,19.03,2.0,0.5
26,9,5.5,4.0,2.5,1.5,5.5,4.0,2.5,1.5,20.73,0.0,0.0
26,10,5.0,4.0,3.5,1.5,5.0,4.0,3.5,1.5,30.65,0.0,0.0
26,11,5.5,5.0,4.5,2.0,5.0,5.5,4.5,2.0,35.67,2.0,0.125
26,12,5.5,4.0,2.0,1.5,5.5,4.0,2.0,1.5,20.27,0.0,0.0
26,13,5.5,4.5,4.0,3.0,5.5,4.5,4.0,3.0,31.77,0.0,0.0
26,14,4.0,2.5,2.0,0.5,4.0,2.5,2.0,0.5,32.35,0.0,0.0
27,0,6.0,5.5,4.5,3.0,6.0,4.5,5.5,3.0,38.31,2.0,0.5
27,1,5.5,4.5,3.0,1.5,5.5,4.5,3.0,1.5,48.48,0.0,0.0
27,2,6.0,4.5,3.0,2.0,4.5,6.0,3.0,2.0,23.39,2.0,1.125
27,3,5.5,3.5,2.5,0.5,5.5,3.5,2.5,0.5,17.51,0.0,0.0
27,4,3.5,3.0,1.0,0.5,3.5,3.0,1.0,0.5,24.93,0.0,0.0
27,5,2.0,1.5,1.0,0.5,2.0,1.5,1.0,0.5,31.54,0.0,0.0
27,6,5.0,4.5,3.5,0.5,4.5,5.0,3.5,0.5,22.95,2.0,0.125
27,7,6.0,4.5,3.0,0.5,6.0,4.5,3.0,0.5,28.3,0.0,0.0
27,8,5.0,3.5,3.0,0.5,5.0,3.5,3.0,0.5,30.27,0.0,0.0
27,9,5.5,4.0,1.0,0.5,5.5,4.0,0.5,1.0,26.49,2.0,0.125
27,10,6.0,5.5,2.0,1.5,6.0,5.5,2.0,1.5,22.07,0.0,0.0
27,11,5.5,5.0,3.0,1.5,5.0,5.5,3.0,1.5,35.72,2.0,0.125
27,12,5.5,5.0,4.0,2.0,4.0,5.5,5.0,2.0,28.12,4.0,0.875
27,13,5.0,4.5,1.5,1.0,5.0,4.5,1.5,1.0,21.83,0.0,0.0
27,14,6.0,4.5,2.5,2.0,6.0,4.5,2.5,2.0,21.46,0.0,0.0
28,0,6.0,2.0,1.5,1.0,6.0,2.0,1.5,1.0,37.05,0.0,0.0
28,1,6.0,3.0,2.0,0.5,6.0,3.0,2.0,0.5,41.1,0.0,0.0
28,2,6.0,5.5,4.0,2.0,6.0,5.5,4.0,2.0,28.37,0.0,0.0
28,3,5.5,5.0,2.5,2.0,5.5,5.0,2.5,2.0,39.26,0.0,0.0
28,4,4.0,3.0,2.0,1.5,4.0,3.0,2.0,1.5,30.25,0.0,0.0
28,5,3.0,2.5,1.5,1.0,3.0,2.5,1.5,1.0,38.17,0.0,0.0
28,6,3.5,1.5,1.0,0.5,3.5,1.0,1.5,0.5,26.68,2.0,0.125
28,7,3.5,3.0,2.5,1.5,3.5,2.5,3.0,1.5,22.15,2.0,0.125
28,8,5.5,5.0,3.0,1.0,5.5,5.0,3.0,1.0,29.2,0.0,0.0
28,9,6.0,5.5,1.0,0.5,6.0,5.5,0.5,1.0,13.75,2.0,0.125
28,10,5.5,5.0,4.0,1.0,5.5,5.0,4.0,1.0,24.38,0.0,0.0
28,11,4.5,3.0,1.0,0.5,4.5,3.0,1.0,0.5,19.63,0.0,0.0
28,12,6.0,5.5,1.5,1.0,5.5,6.0,1.0,1.5,35.23,4.0,0.25
28,13,5.0,4.5,3.0,0.5,5.0,4.5,3.0,0.5,23.75,0.0,0.0
28,14,6.0,5.5,5.0,2.0,5.0,5.5,6.0,2.0,42.69,4.0,0.5
29,0,6.0,2.5,2.0,1.5,6.0,2.5,2.0,1.5,40.52,0.0,0.0
29,1,5.0,4.0,3.0,2.0,5.0,4.0,3.0,2.0,34.47,0.0,0.0
29,2,4.0,3.5,2.0,1.0,4.0,3.5,2.0,1.0,28.29,0.0,0.0
29,3,6.0,5.5,2.5,2.0,6.0,5.5,2.0,2.5,35.92,2.0,0.125
29,4,5.5,3.5,3.0,2.5,3.5,5.5,3.0,2.5,26.86,2.0,2.0
29,5,5.0,4.0,2.5,1.0,4.0,5.0,2.5,1.0,38.62,2.0,0.5
29,6,5.0,4.0,1.5,0.5,4.0,5.0,1.5,0.5,27.17,2.0,0.5
29,7,6.0,5.5,4.5,0.5,5.5,6.0,4.5,0.5,31.67,2.0,0.125
29,8,6.0,4.5,1.5,1.0,6.0,4.5,1.5,1.0,17.47,0.0,0.0
29,9,6.0,5.5,4.5,1.5,6.0,5.5,4.5,1.5,34.25,0.0,0.0
29,10,5.5,5.0,3.5,1.5,5.5,5.0,3.5,1.5,21.1,0.0,0.0
29,11,6.0,4.0,3.0,2.5,6.0,4.0,3.0,2.5,30.21,0.0,0.0
29,12,6.0,3.0,1.5,0.5,6.0,3.0,1.5,0.5,35.03,0.0,0.0
29,13,6.0,5.5,4.5,2.0,5.5,6.0,4.5,2.0,33.75,2.0,0.125
29,14,5.5,4.5,3.5,1.0,4.5,5.5,3.5,1.0,25.66,2.0,0.5
3,0,3.0,2.0,1.5,0.5,2.0,3.0,1.5,0.5,84.4,2.0,0.5
3,1,5.0,4.5,4.0,2.5,5.0,4.5,2.5,4.0,63.67,2.0,1.125
3,2,4.5,3.5,2.0,1.0,4.5,2.0,3.5,1.0,96.4,2.0,1.125
3,3,5.5,4.0,2.5,1.0,5.5,4.0,2.5,1.0,50.72,0.0,0.0
3,4,5.0,2.0,1.5,1.0,5.0,2.0,1.5,1.0,55.15,0.0,0.0
3,5,5.5,2.5,2.0,1.5,2.5,5.5,1.5,2.0,68.22,4.0,4.625
3,6,4.0,2.5,1.5,1.0,4.0,1.5,2.5,1.0,70.76,2.0,0.5
3,7,5.5,4.0,2.5,0.5,5.5,4.0,2.5,0.5,49.95,0.0,0.0
3,8,5.5,3.5,2.0,1.5,5.5,3.5,2.0,1.5,68.46,0.0,0.0
3,9,6.0,5.0,4.0,3.5,6.0,4.0,5.0,3.5,55.64,2.0,0.5
3,10,5.5,2.0,1.0,0.5,5.5,2.0,1.0,0.5,48.24,0.0,0.0
3,11,4.5,3.5,2.5,1.0,4.5,3.5,2.5,1.0,35.52,0.0,0.0
3,12,5.5,4.0,3.5,2.0,5.5,4.0,3.5,2.0,52.63,0.0,0.0
3,13,5.5,4.0,3.0,0.5,4.0,5.5,3.0,0.5,55.18,2.0,1.125
3,14,3.0,2.5,2.0,0.5,2.5,2.0,3.0,0.5,49.58,4.0,0.375
30,0,6.0,5.0,1.0,0.5,5.0,6.0,1.0,0.5,23.86,2.0,0.5
30,1,6.0,5.0,4.5,1.0,4.5,6.0,5.0,1.0,32.63,4.0,0.875
30,2,5.0,4.5,2.5,2.0,5.0,4.5,2.5,2.0,20.83,0.0,0.0
30,3,6.0,2.5,1.5,1.0,6.0,2.5,1.5,1.0,31.46,0.0,0.0
30,4,3.5,2.0,1.5,1.0,3.5,2.0,1.5,1.0,34.03,0.0,0.0
30,5,6.0,5.5,1.5,0.5,5.5,6.0,1.5,0.5,29.79,2.0,0.125
30,6,5.0,4.0,3.5,1.0,5.0,3.5,4.0,1.0,48.61,2.0,0.125
30,7,4.5,3.0,2.0,0.5,4.5,3.0,2.0,0.5,39.47,0.0,0.0
30,8,5.0,4.0,3.0,1.5,5.0,4.0,3.0,1.5,32.08,0.0,0.0
30,9,5.5,4.5,2.5,1.0,5.5,4.5,2.5,1.0,41.41,0.0,0.0
30,10,2.5,2.0,1.0,0.5,2.5,2.0,1.0,0.5,25.5,0.0,0.0
30,11,5.0,4.5,2.5,0.5,5.0,4.5,2.5,0.5,26.42,0.0,0.0
30,12,6.0,5.0,2.0,0.5,6.0,5.0,2.0,0.5,50.86,0.0,0.0
30,13,5.5,4.5,2.0,1.5,5.5,4.5,1.5,2.0,35.88,2.0,0.125
30,14,4.5,3.0,2.0,1.0,3.0,4.5,2.0,1.0,36.19,2.0,1.125
31,0,5.5,5.0,3.5,2.0,5.0,5.5,3.5,2.0,29.9,2.0,0.125
31,1,5.5,4.5,2.5,2.0,5.5,4.5,2.5,2.0,39.93,0.0,0.0
31,2,6.0,5.0,3.0,2.0,6.0,5.0,3.0,2.0,37.27,0.0,0.0
31,3,6.0,3.5,3.0,2.0,6.0,3.0,3.5,2.0,38.19,2.0,0.125
31,4,4.5,3.0,2.5,2.0,3.0,4.5,2.5,2.0,34.52,2.0,1.125
31,5,6.0,5.5,2.0,1.0,6.0,5.5,2.0,1.0,44.04,0.0,0.0
31,6,6.0,4.0,3.0,2.0,6.0,4.0,3.0,2.0,37.55,0.0,0.0
31,7,6.0,5.5,3.0,0.5,6.0,5.5,3.0,0.5,26.49,0.0,0.0
31,8,5.0,2.5,1.5,1.0,5.0,2.5,1.5,1.0,30.53,0.0,0.0
31,9,5.5,3.5,2.5,1.0,5.5,3.5,2.5,1.0,36.71,0.0,0.0
31,10,4.0,3.5,2.0,1.5,3.5,4.0,2.0,1.5,50.78,2.0,0.125
31,11,3.5,2.0,1.5,0.5,3.5,2.0,1.5,0.5,28.37,0.0,0.0
31,12,6.0,3.5,2.5,1.5,6.0,3.5,2.5,1.5,38.07,0.0,0.0
31,13,6.0,3.5,3.0,0.5,3.0,6.0,3.5,0.5,22.27,4.0,3.875
31,14,4.0,3.0,2.0,1.0,4.0,3.0,2.0,1.0,34.02,0.0,0.0
32,0,6.0,5.0,3.5,3.0,6.0,5.0,3.5,3.0,34.08,0.0,0.0
32,1,5.0,3.5,1.0,0.5,5.0,3.5,1.0,0.5,44.82,0.0,0.0
32,2,5.0,3.0,2.0,1.5,5.0,3.0,2.0,1.5,20.91,0.0,0.0
32,3,6.0,4.0,1.5,1.0,4.0,6.0,1.5,1.0,36.97,2.0,2.0
32,4,5.0,4.5,3.0,2.5,4.5,5.0,2.5,3.0,42.53,4.0,0.25
32,5,5.5,4.0,3.0,1.0,3.0,5.5,4.0,1.0,29.04,4.0,2.375
32,6,3.5,3.0,2.0,0.5,3.5,2.0,3.0,0.5,31.11,2.0,0.5
32,7,5.5,4.5,3.5,1.5,5.5,4.5,3.5,1.5,21.07,0.0,0.0
32,8,4.5,2.0,1.5,1.0,4.5,2.0,1.5,1.0,19.54,0.0,0.0
32,9,5.0,4.5,3.0,1.5,4.5,5.0,3.0,1.5,20.82,2.0,0.125
32,10,5.0,4.0,3.0,2.5,4.0,2.5,5.0,3.0,25.17,6.0,1.875
32,11,5.5,5.0,3.0,2.0,5.5,5.0,3.0,2.0,32.39,0.0,0.0
32,12,4.5,2.5,1.5,0.5,4.5,2.5,1.5,0.5,33.44,0.0,0.0
32,13,5.0,4.0,1.5,1.0,5.0,4.0,1.5,1.0,31.3,0.0,0.0
32,14,5.0,3.0,2.0,0.5,5.0,3.0,2.0,0.5,20.51,0.0,0.0
4,0,6.0,4.5,4.0,1.0,6.0,4.5,4.0,1.0,54.92,0.0,0.0
4,1,6.0,4.5,3.0,2.5,4.5,6.0,3.0,2.5,89.06,2.0,1.125
4,2,5.5,2.5,2.0,1.0,5.5,2.0,2.5,1.0,65.0,2.0,0.125
4,3,5.5,2.5,2.0,0.5,5.5,2.0,2.5,0.5,53.86,2.0,0.125
4,4,2.5,2.0,1.5,1.0,1.5,2.5,2.0,1.0,87.41,4.0,0.375
4,5,6.0,4.5,3.5,2.5,6.0,3.5,4.5,2.5,94.86,2.0,0.5
4,6,4.5,3.0,1.5,0.5,4.5,1.5,3.0,0.5,84.99,2.0,1.125
4,7,4.5,4.0,3.5,3.0,4.5,4.0,3.0,3.5,54.06,2.0,0.125
4,8,6.0,4.5,2.5,1.0,6.0,4.5,2.5,1.0,56.38,0.0,0.0
4,9,6.0,4.0,2.0,0.5,6.0,4.0,2.0,0.5,45.17,0.0,0.0
4,10,4.5,3.5,1.5,0.5,4.5,3.5,1.5,0.5,40.79,0.0,0.0
4,11,6.0,5.0,4.0,3.0,5.0,4.0,6.0,3.0,58.25,4.0,1.5
4,12,4.5,4.0,3.0,1.5,4.5,4.0,3.0,1.5,70.32,0.0,0.0
4,13,6.0,5.5,5.0,3.5,3.5,5.0,5.5,6.0,111.64,8.0,3.25
4,14,6.0,4.5,3.5,1.5,6.0,4.5,1.5,3.5,51.88,2.0,2.0
5,0,5.0,4.5,3.5,1.0,5.0,3.5,4.5,1.0,28.24,2.0,0.5
5,1,5.0,3.5,2.0,1.0,5.0,3.5,2.0,1.0,29.35,0.0,0.0
5,2,4.5,1.5,1.0,0.5,4.5,1.5,1.0,0.5,47.33,0.0,0.0
5,3,5.0,2.5,1.5,0.5,5.0,2.5,1.5,0.5,23.69,0.0,0.0
5,4,5.0,3.0,2.5,1.5,5.0,2.5,3.0,1.5,46.02,2.0,0.125
5,5,4.5,3.5,2.0,0.5,3.5,4.5,2.0,0.5,43.56,2.0,0.5
5,6,6.0,2.0,1.0,0.5,6.0,2.0,1.0,0.5,28.23,0.0,0.0
5,7,4.0,2.5,1.5,0.5,4.0,1.5,2.5,0.5,30.71,2.0,0.5
5,8,4.5,4.0,1.5,0.5,4.0,4.5,1.5,0.5,30.34,2.0,0.125
5,9,5.0,3.5,2.0,0.5,5.0,2.0,3.5,0.5,29.41,2.0,1.125
5,10,6.0,5.5,5.0,3.0,5.5,6.0,5.0,3.0,61.38,2.0,0.125
5,11,5.5,5.0,2.5,1.0,5.5,5.0,2.5,1.0,42.79,0.0,0.0
5,12,2.5,1.5,1.0,0.5,2.5,1.0,1.5,0.5,33.04,2.0,0.125
5,13,6.0,5.5,2.0,0.5,5.5,6.0,2.0,0.5,19.19,2.0,0.125
5,14,5.5,3.5,3.0,0.5,5.5,3.5,3.0,0.5,35.08,0.0,0.0
6,0,5.0,4.0,2.0,0.5,4.0,5.0,2.0,0.5,54.32,2.0,0.5
6,1,5.5,3.5,3.0,2.0,5.5,3.5,3.0,2.0,49.69,0.0,0.0
6,2,5.5,5.0,4.0,2.5,5.5,5.0,4.0,2.5,64.68,0.0,0.0
6,3,6.0,5.5,4.0,2.5,6.0,5.5,4.0,2.5,45.17,0.0,0.0
6,4,6.0,5.5,4.5,3.5,5.5,6.0,4.5,3.5,74.59,2.0,0.125
6,5,5.5,5.0,4.0,1.5,5.0,4.0,5.5,1.5,52.07,4.0,0.875
6,6,4.5,3.5,2.5,1.5,3.5,4.5,2.5,1.5,75.5,2.0,0.5
6,7,6.0,5.5,5.0,4.5,4.5,5.5,5.0,6.0,26.29,6.0,1.125
6,8,6.0,5.0,3.5,0.5,6.0,5.0,3.5,0.5,53.94,0.0,0.0
6,9,5.0,3.0,1.5,1.0,5.0,3.0,1.5,1.0,43.43,0.0,0.0
6,10,5.5,4.0,2.0,0.5,5.5,4.0,2.0,0.5,27.48,0.0,0.0
6,11,3.0,2.0,1.0,0.5,2.0,3.0,1.0,0.5,17.0,2.0,0.5
6,12,5.5,3.5,2.0,1.0,5.5,3.5,2.0,1.0,38.13,0.0,0.0
6,13,5.0,3.5,2.5,0.5,5.0,3.5,2.5,0.5,18.59,0.0,0.0
6,14,6.0,5.0,2.0,1.5,5.0,6.0,2.0,1.5,47.02,2.0,0.5
7,0,5.5,5.0,3.0,0.5,5.0,5.5,3.0,0.5,33.94,2.0,0.125
7,1,5.0,4.0,3.5,0.5,3.5,4.0,5.0,0.5,72.03,4.0,1.125
7,2,3.0,2.5,2.0,1.5,1.5,3.0,2.5,2.0,77.39,6.0,0.75
7,3,3.0,2.5,2.0,1.0,3.0,2.5,2.0,1.0,53.89,0.0,0.0
7,4,3.5,2.5,2.0,1.5,3.5,2.5,1.5,2.0,56.49,2.0,0.125
7,5,5.5,5.0,4.5,0.5,5.5,5.0,4.5,0.5,45.29,0.0,0.0
7,6,6.0,3.0,2.5,0.5,6.0,3.0,2.5,0.5,51.11,0.0,0.0
7,7,5.5,3.0,1.5,1.0,5.5,3.0,1.5,1.0,29.98,0.0,0.0
7,8,5.0,3.5,1.5,1.0,3.5,5.0,1.5,1.0,54.61,2.0,1.125
7,9,6.0,5.0,2.5,1.0,5.0,6.0,2.5,1.0,50.98,2.0,0.5
7,10,6.0,3.5,2.5,2.0,6.0,3.5,2.5,2.0,66.43,0.0,0.0
7,11,4.5,4.0,2.0,0.5,4.0,4.5,2.0,0.5,41.77,2.0,0.125
7,12,5.5,3.0,1.5,0.5,5.5,3.0,1.5,0.5,47.44,0.0,0.0
7,13,5.0,3.5,1.5,0.5,5.0,3.5,1.5,0.5,34.41,0.0,0.0
7,14,6.0,3.5,3.0,2.5,3.5,6.0,2.5,3.0,27.81,4.0,3.25
8,0,5.5,4.0,2.0,1.0,4.0,5.5,2.0,1.0,21.87,2.0,1.125
8,1,6.0,2.5,1.5,0.5,6.0,2.5,1.5,0.5,37.71,0.0,0.0
8,2,4.5,3.5,3.0,2.0,4.5,3.5,3.0,2.0,77.27,0.0,0.0
8,3,6.0,1.5,1.0,0.5,6.0,1.5,1.0,0.5,23.31,0.0,0.0
8,4,5.5,4.0,3.0,2.0,5.5,4.0,3.0,2.0,66.69,0.0,0.0
8,5,5.5,5.0,3.5,2.5,5.5,5.0,3.5,2.5,47.22,0.0,0.0
8,6,4.5,4.0,3.5,1.0,4.5,4.0,3.5,1.0,49.94,0.0,0.0
8,7,6.0,3.0,2.0,1.5,6.0,3.0,2.0,1.5,38.13,0.0,0.0
8,8,6.0,5.5,4.0,0.5,6.0,5.5,4.0,0.5,23.61,0.0,0.0
8,9,5.5,4.5,1.0,0.5,4.5,5.5,1.0,0.5,33.05,2.0,0.5
8,10,5.0,4.0,2.5,2.0,4.0,5.0,2.5,2.0,46.8,2.0,0.5
8,11,4.0,2.5,2.0,1.0,4.0,2.0,2.5,1.0,39.04,2.0,0.125
8,12,5.0,4.0,3.5,3.0,4.0,5.0,3.5,3.0,69.71,2.0,0.5
8,13,4.5,2.5,1.5,1.0,4.5,2.5,1.5,1.0,65.51,0.0,0.0
8,14,6.0,5.5,2.5,1.5,5.5,6.0,2.5,1.5,42.01,2.0,0.125
9,0,6.0,3.5,2.0,0.5,6.0,3.5,2.0,0.5,57.18,0.0,0.0
9,1,3.5,3.0,1.5,0.5,3.5,3.0,1.5,0.5,22.82,0.0,0.0
9,2,5.0,3.0,2.5,1.0,5.0,3.0,2.5,1.0,19.27,0.0,0.0
9,3,6.0,5.0,4.5,2.0,6.0,5.0,4.5,2.0,35.66,0.0,0.0
9,4,6.0,5.5,3.5,3.0,6.0,5.5,3.5,3.0,45.27,0.0,0.0
9,5,5.5,5.0,2.5,1.5,5.0,5.5,2.5,1.5,28.45,2.0,0.125
9,6,5.0,4.5,3.0,1.0,5.0,4.5,3.0,1.0,34.49,0.0,0.0
9,7,5.5,4.5,3.5,0.5,5.5,4.5,3.5,0.5,38.04,0.0,0.0
9,8,5.0,3.0,2.0,1.0,5.0,3.0,1.0,2.0,25.91,2.0,0.5
9,9,5.5,5.0,1.5,1.0,5.0,5.5,1.5,1.0,36.0,2.0,0.125
9,10,5.5,4.0,3.0,1.5,5.5,4.0,3.0,1.5,29.69,0.0,0.0
9,11,4.0,2.5,1.0,0.5,4.0,2.5,1.0,0.5,50.91,0.0,0.0
9,12,4.0,3.5,2.5,0.5,4.0,3.5,2.5,0.5,32.42,0.0,0.0
9,13,6.0,4.5,4.0,3.5,4.0,3.5,6.0,4.5,60.68,8.0,2.5
9,14,5.5,5.0,4.0,3.0,5.5,5.0,4.0,3.0,48.7,0.0,0.0
